Proportion,Dmel\mir-10-RA,Dana\miR-184-RB,Dana\miR-31a-RA,Dana\miR-10-RA,aae.miR.305.5p,Dana\miR-277-RA,bfl.miR.184.3p,Dana\miR-125-RA,isc.miR.10_,tur.miR.317.3p
0.298,3693.529747,1247.091325,738.2224636,365.9383559,61.64444641,11.7849677,57.11176653,0.302178659,3.928322565,5.137037201
0.299,4852.496417,1616.903407,1057.625906,414.7941722,52.79198555,9.526373333,57.55517222,0,3.969322222,1.786195
0.299,5536.629594,1961.267479,1273.398898,498.7371066,55.2712984,7.772526337,65.20285983,0,4.749877206,1.295421056
0.389,3862.438013,837.923371,656.7872299,342.5659658,28.34470166,22.13586225,38.06288509,0.26994954,0.809848619,1.619697238
0.409,4079.402197,703.5352312,605.0770369,380.239668,35.26860689,12.85834626,43.35099597,0.367381322,1.102143965,1.836906609
0.417,3272.199877,667.7826749,564.0205173,331.8834555,29.79437735,17.4880041,28.49896964,0.388622313,0.906785398,2.849896964
0.476,1373.063343,242.9608837,267.479872,100.304952,120.3659424,46.8089776,8.915995733,0,4.457997866,13.3739936
0.464,1973.039215,233.095334,266.1798331,152.6398478,58.64979372,35.34026032,12.78264735,6.767283891,6.767283891,8.271124756
0.468,1918.609168,537.2105669,219.2696191,197.3426572,76.7443667,51.16291113,32.89044287,7.308987305,21.92696191,36.54493652
