Proportion,Dana\bantam-RA,Dana\miR-92b-RA
0.53,199.8743902,172.0530465
0.524,334.3480988,163.1746702
0.513,228.3361101,153.2885774
0.693,178.9461261,73.41379532
0.699,226.6022298,59.59949057
0.707,229.7763354,47.88683698
0.895,201.5098772,109.9144785
0.901,293.4323303,63.99322097
0.919,14.52407396,113.2877769
1.03,626.5488577,14.21038646
0.995,332.8177406,8.60735536
1.022,561.8985782,7.634491552
