Dana\bantam-RA,Dana\miR-92b-RA
402.7344143,498.0545623
333.3794424,429.5465893
173.6774004,497.5622822
272.5872133,373.4444822
291.6865925,358.8003218
599.6683268,384.0685103
40.62375847,236.3564129
25.5157318,138.1368929
14.44360172,345.2020811
